HTTP/1.1 200 OK
Content-Type: text/xml; charset=utf-8

<?
echo "\<\?xml version='1.0' encoding='utf-8'\?\>";
include "/htdocs/phplib/xnode.php";
include "/htdocs/webinc/config.php";
include "/htdocs/phplib/trace.php";
include "/htdocs/phplib/phyinf.php";

?>
<soap:Envelope xmlns:xsi="http://www.w3.org/2001/XMLSchema-instance"xmlns:xsd="http://www.w3.org/2001/XMLSchema"xmlns:soap="http://schemas.xmlsoap.org/soap/envelope/"><soap:Body><GetIPv6SettingsResponse xmlns="http://purenetworks.com/HNAP1/"><GetIPv6SettingsResult>OK</GetIPv6SettingsResult><IPv6_ConnectionType><?=$str_wantype?></IPv6_ConnectionType><IPv6_ConnectionType2></IPv6_ConnectionType2><IPv6_Address></IPv6_Address><IPv6_SubnetPrefixLength></IPv6_SubnetPrefixLength><IPv6_DefaultGateway></IPv6_DefaultGateway><IPv6_ObtainDNS>Automatic</IPv6_ObtainDNS><IPv6_PrimaryDNS>1.1.1.254</IPv6_PrimaryDNS><IPv6_SecondaryDNS>0.0.0.0</IPv6_SecondaryDNS><IPv6_DhcpPd>Enable</IPv6_DhcpPd><IPv6_LanAddress></IPv6_LanAddress><IPv6_LanAddressPrefixLength></IPv6_LanAddressPrefixLength><IPv6_LanLinkLocalAddress>fe80::218:e7ff:fe95:6133</IPv6_LanLinkLocalAddress><IPv6_LanLinkLocalAddressPrefixLength>64</IPv6_LanLinkLocalAddressPrefixLength><IPv6_LanIPv6AddressAutoAssignment>Enable</IPv6_LanIPv6AddressAutoAssignment><IPv6_LanAutomaticDhcpPd>Enable</IPv6_LanAutomaticDhcpPd><IPv6_LanAutoConfigurationType>SLAAC_StatelessDhcp</IPv6_LanAutoConfigurationType><IPv6_LanRouterAdvertisementLifeTime>1440</IPv6_LanRouterAdvertisementLifeTime></GetIPv6SettingsResponse></soap:Body></soap:Envelope>