﻿<?xml version="1.0" encoding="utf-8"?>
<soap:Envelope xmlns:xsi="http://www.w3.org/2001/XMLSchema-instance"
xmlns:xsd="http://www.w3.org/2001/XMLSchema"
xmlns:soap="http://schemas.xmlsoap.org/soap/envelope/">
	<soap:Body>
		<SetAdministrationSettings xmlns="http://purenetworks.com/HNAP1/">
			<HTTPS></HTTPS> 
			<RemoteMgt></RemoteMgt> 
			<RemoteMgtPort></RemoteMgtPort> 
			<RemoteMgtHTTPS></RemoteMgtHTTPS>
		  <InboundFilter></InboundFilter>
		</SetAdministrationSettings>
	</soap:Body>
</soap:Envelope>