<?xml version="1.0" encoding="utf-8"?>
<soap:Envelope xmlns:xsi="http://www.w3.org/2001/XMLSchema-instance" xmlns:xsd="http://www.w3.org/2001/XMLSchema" xmlns:soap="http://schemas.xmlsoap.org/soap/envelope/">
<soap:Body>
	<SetAPClientSettings xmlns="http://purenetworks.com/HNAP1/">
		<RadioID></RadioID>
		<Enabled></Enabled>
		<SSID></SSID>
		<MacAddress></MacAddress>
		<ChannelWidth></ChannelWidth>
		<SupportedSecurity>
			<SecurityInfo>
				<SecurityType></SecurityType>
				<Encryptions>
					<string></string>
				</Encryptions>
			</SecurityInfo>
		</SupportedSecurity>
		<Key></Key>
	</SetAPClientSettings>
</soap:Body>
</soap:Envelope>