﻿<?xml version="1.0" encoding="utf-8"?>
<soap:Envelope xmlns:xsi="http://www.w3.org/2001/XMLSchema-instance" xmlns:xsd="http://www.w3.org/2001/XMLSchema" xmlns:soap="http://schemas.xmlsoap.org/soap/envelope/">
<soap:Body>
<SetClientInfoDemo>
	<ClientInfoLists>
		<ClientInfo>
			<MacAddress></MacAddress>
			<NickName></NickName>
			<ReserveIP></ReserveIP>
		<SupportedAction>
				<AudioMute></AudioMute>
				<AudioEnable></AudioEnable>
				<SmartPlugEnable></SmartPlugEnable>
				<ZWaveSmartPlug></ZWaveSmartPlug>
			</SupportedAction>
		</ClientInfo>
	</ClientInfoLists>
</SetClientInfoDemo>
</soap:Body>
</soap:Envelope>
