<?xml version="1.0" encoding="utf-8"?>
<soap:Envelope xmlns:xsi="http://www.w3.org/2001/XMLSchema-instance"
xmlns:xsd="http://www.w3.org/2001/XMLSchema"
xmlns:soap="http://schemas.xmlsoap.org/soap/envelope/">
	<soap:Body>
		<SetForwardedPorts xmlns="http://purenetworks.com/HNAP1/">
			<ItemNumbers></ItemNumbers> 
			<PortForwardingName></PortForwardingName> 
			<ExternalPortRange></ExternalPortRange> 
			<InternalPortRange></InternalPortRange>
		  <ProtocolType></ProtocolType>
		  <PrivateIP></PrivateIP>
		</SetForwardedPorts>
	</soap:Body>
</soap:Envelope>