<?xml version="1.0" encoding="utf-8"?>
<soap:Envelope 
xmlns:xsi="http://www.w3.org/2001/XMLSchema-instance"
xmlns:xsd="http://www.w3.org/2001/XMLSchema"
xmlns:soap="http://schemas.xmlsoap.org/soap/envelope/">
	<soap:Body>
		<SetIPv66in4TunnelSettings xmlns="http://purenetworks.com/HNAP1/">
			<IPv6_ConnectionType></IPv6_ConnectionType>
			<IPv6_6In4RemoteIPv4Address></IPv6_6In4RemoteIPv4Address>
			<IPv6_6In4RemoteIPv6Address></IPv6_6In4RemoteIPv6Address>
			<IPv6_6In4LocalIPv6Address></IPv6_6In4LocalIPv6Address>
			<IPv6_SubnetPrefixLength></IPv6_SubnetPrefixLength>
			<IPv6_ObtainDNS></IPv6_ObtainDNS>
			<IPv6_PrimaryDNS></IPv6_PrimaryDNS>
			<IPv6_SecondaryDNS></IPv6_SecondaryDNS>
			<IPv6_DhcpPd></IPv6_DhcpPd>
			<IPv6_LanAddress></IPv6_LanAddress>
			<IPv6_LanIPv6AddressAutoAssignment></IPv6_LanIPv6AddressAutoAssignment>
			<IPv6_LanAutomaticDhcpPd></IPv6_LanAutomaticDhcpPd>
			<IPv6_LanAutoConfigurationType></IPv6_LanAutoConfigurationType>
			<IPv6_LanRouterAdvertisementLifeTime></IPv6_LanRouterAdvertisementLifeTime>
			<IPv6_LanIPv6AddressRangeStart></IPv6_LanIPv6AddressRangeStart>
			<IPv6_LanIPv6AddressRangeEnd></IPv6_LanIPv6AddressRangeEnd>
			<IPv6_LanDhcpLifeTime></IPv6_LanDhcpLifeTime>
		</SetIPv66in4TunnelSettings>
	</soap:Body>
</soap:Envelope>