<?xml version="1.0" encoding="utf-8"?>
<soap:Envelope xmlns:xsi="http://www.w3.org/2001/XMLSchema-instance"
xmlns:xsd="http://www.w3.org/2001/XMLSchema"
xmlns:soap="http://schemas.xmlsoap.org/soap/envelope/">
	<soap:Body>
		<SetIPv66to4TunnelSettings xmlns="http://purenetworks.com/HNAP1/">
			<IPv6_ConnectionType></IPv6_ConnectionType>
			<IPv6_6To4Relay></IPv6_6To4Relay>
			<IPv6_PrimaryDNS></IPv6_PrimaryDNS>
			<IPv6_SecondaryDNS></IPv6_SecondaryDNS>
			<IPv6_6to4LanAddress></IPv6_6to4LanAddress>
			<IPv6_LanIPv6AddressAutoAssignment></IPv6_LanIPv6AddressAutoAssignment>
			<IPv6_LanAutoConfigurationType></IPv6_LanAutoConfigurationType>
			<IPv6_LanIPv6AddressRangeStart></IPv6_LanIPv6AddressRangeStart>
			<IPv6_LanIPv6AddressRangeEnd></IPv6_LanIPv6AddressRangeEnd>
		</SetIPv66to4TunnelSettings>
	</soap:Body>
</soap:Envelope>