﻿<?xml version="1.0" encoding="utf-8"?>
<soap:Envelope xmlns:xsi="http://www.w3.org/2001/XMLSchema-instance" xmlns:xsd="http://www.w3.org/2001/XMLSchema" xmlns:soap="http://schemas.xmlsoap.org/soap/envelope/">
<soap:Body>
<SetMyDLinkSettings xmlns="http://purenetworks.com/HNAP1/">
	<Enabled></Enabled>
	<Email></Email>
	<Password></Password>
	<LastName></LastName>
	<FirstName></FirstName>
	<DeviceUserName></DeviceUserName>
	<DevicePassword></DevicePassword>
	<AccountStatus></AccountStatus>
</SetMyDLinkSettings>
</soap:Body>
</soap:Envelope>