<?xml version="1.0" encoding="utf-8"?>
<soap:Envelope xmlns:xsi="http://www.w3.org/2001/XMLSchema-instance"
	xmlns:xsd="http://www.w3.org/2001/XMLSchema"
	xmlns:soap="http://schemas.xmlsoap.org/soap/envelope/">
	<soap:Body>
		<SetPortForwardingSettings>
			<PortForwardingList>
				<PortForwardingInfo>
					<Enabled></Enabled>
					<PortForwardingDescription></PortForwardingDescription>
					<TCPPorts></TCPPorts>
					<UDPPorts></UDPPorts>
					<LocalIPAddress></LocalIPAddress>
					<ScheduleName></ScheduleName>
				</PortForwardingInfo>
			</PortForwardingList>
		</SetPortForwardingSettings>
	</soap:Body>
</soap:Envelope>