﻿<?xml version="1.0" encoding="utf-8"?>
<soap:Envelope xmlns:xsi="http://www.w3.org/2001/XMLSchema-instance"
	xmlns:xsd="http://www.w3.org/2001/XMLSchema"
	xmlns:soap="http://schemas.xmlsoap.org/soap/envelope/">
	<soap:Body>
		<SetScheduleSettings>
			<ScheduleInfoLists>
				<ScheduleName></ScheduleName>
				<ScheduleInfo>
					<ScheduleDate></ScheduleDate>
					<ScheduleAllDay></ScheduleAllDay>
					<ScheduleTimeFormat></ScheduleTimeFormat>
					<ScheduleStartTimeInfo>
						<TimeHourValue></TimeHourValue>
						<TimeMinuteValue></TimeMinuteValue>
						<TimeMidDateValue></TimeMidDateValue>
					</ScheduleStartTimeInfo>
					<ScheduleEndTimeInfo>
						<TimeHourValue></TimeHourValue>
						<TimeMinuteValue></TimeMinuteValue>
						<TimeMidDateValue></TimeMidDateValue>
					</ScheduleEndTimeInfo>
				</ScheduleInfo>
			</ScheduleInfoLists>
		</SetScheduleSettings>
	</soap:Body>
</soap:Envelope>