﻿<?xml version="1.0" encoding="utf-8"?>
<soap:Envelope xmlns:xsi="http://www.w3.org/2001/XMLSchema-instance"
	xmlns:xsd="http://www.w3.org/2001/XMLSchema"
	xmlns:soap="http://schemas.xmlsoap.org/soap/envelope/">
	<soap:Body>
		<SetSysEmailSettings xmlns="http://purenetworks.com/HNAP1/" >
			<SysEmail></SysEmail>
			<EmailFrom></EmailFrom>
			<EmailTo></EmailTo>
			<EmailSubject></EmailSubject>
			<SMTPServerAddress></SMTPServerAddress>
			<SMTPServerPort></SMTPServerPort>
			<Authentication></Authentication>
			<AccountName></AccountName>
			<AccountPassword></AccountPassword>
			<OnLogFull></OnLogFull>
			<OnSchedule></OnSchedule>
			<ScheduleName></ScheduleName>
		</SetSysEmailSettings>
	</soap:Body>
</soap:Envelope>