<?xml version="1.0" encoding="utf-8"?>
<soap:Envelope xmlns:xsi="http://www.w3.org/2001/XMLSchema-instance"
	xmlns:xsd="http://www.w3.org/2001/XMLSchema"
	xmlns:soap="http://schemas.xmlsoap.org/soap/envelope/">
	<soap:Body>
		<SetVirtualServerSettings>
			<VirtualServerList>
				<VirtualServerInfo>
					<Enabled></Enabled>
					<VirtualServerDescription></VirtualServerDescription>
					<ExternalPort></ExternalPort>
					<InternalPort></InternalPort>
					<ProtocolType></ProtocolType>
					<ProtocolNumber></ProtocolNumber>
					<LocalIPAddress></LocalIPAddress>
					<ScheduleName></ScheduleName>
				</VirtualServerInfo>
			</VirtualServerList>
		</SetVirtualServerSettings>
	</soap:Body>
</soap:Envelope>