<?xml version="1.0" encoding="utf-8"?>
<soap:Envelope xmlns:xsi="http://www.w3.org/2001/XMLSchema-instance" xmlns:xsd="http://www.w3.org/2001/XMLSchema" xmlns:soap="http://schemas.xmlsoap.org/soap/envelope/">
<soap:Body>
	<SetWLanRadioSecurity xmlns="http://purenetworks.com/HNAP1/">
		<RadioID></RadioID>
		<Enabled></Enabled>
		<Type></Type>
		<Encryption></Encryption>
		<Key></Key>
		<KeyRenewal></KeyRenewal>
		<RadiusIP1></RadiusIP1>
		<RadiusPort1></RadiusPort1>
		<RadiusSecret1></RadiusSecret1>
		<RadiusIP2></RadiusIP2>
		<RadiusPort2></RadiusPort2>
		<RadiusSecret2></RadiusSecret2>
	</SetWLanRadioSecurity>
</soap:Body>
</soap:Envelope>